Japarts Construction Inc. Rosehall Canje Project 2023;;;;;;;;;;;;;;;;;;;;;;;;;;;;;;;Japarts Construction Inc. Rosehall Canje Project 2023;;;;;;;;;;;;;;;;;;;;;
;;;;;;;;;;;;;;;;;;;;;;;;;;;;;;;Fld;Ha;Total Tonnes;SC;R;LG;P;;H1;H2;ID;FF;CC;MW;SL;;;;;;;
;;;;;;;;;;;;;;;;;;;;;;;;;;;;;;;15;5,7;0,0;C;C;0;C;;C;C;IP;C;C;C;C;;C;Complete;;;;
Block 22 (103.8 Ha.);;;;;;;;;;;;;;;;;;;;;;;;;;;;;;;16;6,7;0,0;C;C;0;C;;C;C;;C;C;C;C;;IP;In Progress;;;;
March;;;;;;;;;;;;;;;;;;;;;;;;;;;;;;;17;6,6;0,0;C;C;0;C;;C;C;;C;C;C;C;;;;;;;
Activities;;5;6;7;8;9;10;11;12;13;14;15;16;17;18;19;20;21;22;23;24;25;26;27;28;29;30;31;1;;18;4,5;0,0;C;C;0;C;;C;C;;;C;C;C;;;;;;;
Sleep Canes;Ha. Day;;;;;;;;;;;;;;;;;;;;;;;;;;;;;;19;2,2;0,0;C;C;0;C;;C;C;C;C;C;C;C;;;;;;;
;Ha. Week;;;;;;;;;;;;;;;;;;;;;;;;;;;;;;20;3,5;0,0;C;C;0;C;;IP;;;;C;C;C;;;;;;;
;Ha. Todate;;;;;;;;103,4;103,4;103,4;103,4;103,4;103,4;103,4;103,4;103,4;103,4;103,4;103,4;103,4;103,4;103,4;103,4;103,4;103,4;103,4;103,4;103,4;;21;3,4;0,0;C;C;0;C;;C;C;;;C;C;C;;;;;;;
Rake Canes;Ha. Day;;;;;;;;;;;;;;;;;;;;;;;;;;;;;;22;3,8;0,0;C;C;0;C;;C;;;;C;C;C;;;;;;;
;Ha. Week;;;;;;;;;;;;;;;;;;;;;;;;;;;;;;23;3,8;9,6;C;C;C;C;;;;;;C;C;C;;;;;;;
;Ha. Todate;;;;;;;;103,4;103,4;103,4;103,4;103,4;103,4;103,4;103,4;103,4;103,4;103,4;103,4;103,4;103,4;103,4;103,4;103,4;103,4;103,4;103,4;103,4;;24;3,8;7,6;C;C;C;IP;;;;;;C;C;C;;;;;;;
Clean Canals;Ha. Day;;;;;;;;;;;;;;;;;;;;;;;;;;;;;;25;3,8;7,6;C;C;;;;;;;;C;C;C;;;;;;;
;Ha. Week;;;;;;;;;;;;;;;;;;;;;;;;;;;;;;26;3,8;7,6;C;C;;;;;;;;C;C;C;;;;;;;
;Ha. Todate;;;;;;;;103,4;103,4;103,4;103,4;103,4;103,4;103,4;103,4;103,4;103,4;103,4;103,4;103,4;103,4;103,4;103,4;103,4;103,4;103,4;103,4;103,4;;27;3,8;7,6;C;C;;;;;;;;C;C;C;;;;;;;
Grub Sideline;Ha. Day;;;;;;;;;;;;;;;;;;;;;;;;;;;;;;28;3,8;7,6;C;C;;;;;;;;C;C;C;;;;;;;
;Ha. Week;;;;;;;;;;;;;;;;;;;;;;;;;;;;;;29;3,8;0,0;C;C;0;;;;;;;C;C;C;;;;;;;
;Ha. Todate;;;;;;;;1,82;1,82;1,82;1,82;1,82;1,82;1,82;1,82;1,82;1,82;1,82;1,82;1,82;1,82;1,82;1,82;1,82;1,82;1,82;1,82;1,82;;30;3,8;0,0;C;C;0;;;;;;;C;C;C;;;;;;;
Plough;Ha. Day;;;;;;;;;;;;0,6;0,8;0,4;3,6;0;3,2;2,2;3,5;0;0;0;5;6,2;0,2;0;3,5;0;;31;3,8;0,0;C;C;0;;;;;;;C;C;C;;;;;;;
;Ha. Week;;;;;;;;;;;;0,6;1,4;1,8;3,6;3,6;6,8;9;12,5;12,5;12,5;0;5;11,2;11,4;11,4;14,9;14,9;;32;3,8;0,0;C;C;0;;;;;;;C;C;C;;;;;;;
;Ha. Todate;;;;;;;;;;;;0,6;1,4;1,8;5,4;5,4;8,6;10,8;14,3;14,3;14,3;14,3;19,3;25,5;25,7;25,7;29,2;29,2;;33;3,8;7,6;C;C;;;;;;;;C;C;C;;;;;;;
Drain Cut 10*32;Ha. Day;;;;;;;;;;;;;;;;;;;;0,8;9,9;2,7;10,1;0;0;0;2,2;0;;34;3,8;7,6;C;C;;;;;;;;C;C;C;;;;;;;
;Ha. Week;;;;;;;;;;;;;;;;;;;;0,8;10,7;2,7;12,8;23,5;23,5;23,5;25,7;25,7;;35;3,8;0,0;C;C;0;;;;;;;C;C;C;;;;;;;
;Ha. Todate;;;;;;;;;;;;;;;;;;;;0,8;10,7;13,4;23,5;23,5;23,5;23,5;25,7;25,7;;36;3,8;11,5;C;C;;;;;;;;C;C;C;;;;;;;
Harrow 1;Ha. Day;;;;;;;;;;;;;;;;;;;;;;;;;1,2;0;0;0;;37;3,8;11,5;C;C;;;;;;;;C;C;C;;;;;;;
;Ha. Week;;;;;;;;;;;;;;;;;;;;;;;;;1,2;1,2;1,2;1,2;;38;3,8;7,6;C;C;;;;;;;;C;C;C;;;;;;;
;Ha. Todate;;;;;;;;;;;;;;;;;;;;;;;;;1,2;1,2;1,2;1,2;;39;3,7;7,4;C;C;;;;;;;;C;C;C;;;;;;;
Harrow 2;Ha. Day;;;;;;;;;;;;;;;;;;;;;;;;;;;;;;40;1,8;9,2;C;C;;;;;;;;C;C;C;;;;;;;
;Ha. Week;;;;;;;;;;;;;;;;;;;;;;;;;;;;;;41;0,7;1,4;C;C;;;;;;;;C;C;C;;;;;;;
;Ha. Todate;;;;;;;;;;;;;;;;;;;;;;;;;;;;;;;103,8;111,6;;;;;;;;;;;;;;;;;;;
Apply Low Grade ;Ha. Day;;;;;;;;;;;;;;;;;;;;;;;;;;;;;;;;;;;;;;;;;;;;;;;;;;;
;Ha. Week;;;;;;;;;;;;;;;;;;;;;;;;;;;;;;KEY;;;;;;;;;;;;;;;;;;;;;
;Ha. Todate;;;;;;;;;;;;;;;;;;;;;;;;;;;;;;SC- Sleep Canes;;;;H1- Harrow 1;;;;;;;CC- Cross Canal ;;;;;;;;;;
Canal Excavation;Ha. Day;;;;;;;;;;;;;;;;;;;;;;;;;;;;;;R- Raking Canes;;;;H2- Harrow 2;;;;;;;MW- Middle Walk;;;;;;;;;;
;Ha. Week;;;;;;;;;;;;;;;;;;;;;;;;;;;;;;LG- Apply Low Grade;;;;ID- Internal Drains;;;;;;;SL- Sideline;;;;;;;;;;
;Ha. Todate;;;;;;;;;;;;;;;;;;;;;;;;;;;;;;P- Ploughing;;;;FF- Four Foot;;;;;;;;;;;;;;;;;
;;;;;;;;;;;;;;;;;;;;;;;;;;;;;;;;;;;;;;;;;;;;;;;;;;;;
;;;;;;;;;;;;;;;;;;;;;;;;;;;;;;;;;;;;;;;;;;;;;;;;;;;;
;;;;;;;;;;;;;;;;;;;;;;;;;;;;;;;;;;;;;;;;;;;;;;;;;;;;
Japarts Construction Inc. Rosehall Canje Project 2023;;;;;;;;;;;;;;;;;;;;;;;;;;;;;;;;;;;;;;;;;;;;;;;;;;;;
;;;;;;;;;;;;;;;;;;;;;;;;;;;;;;;;;;;;;;;;;;;;;;;;;;;;
;;;;;;;;;;;;;;;;;;;;;;;;;;;;;;;;;;;;;;;;;;;;;;;;;;;;
Block 22 (103.8 Ha.);;;;;;;;;;;;;;;;;;;;;;;;;;;;;;;Japarts Construction Inc. Rosehall Canje Project 2023;;;;;;;;;;;;;;;;;;;;;
April;;;;;;;;;;;;;;;;;;;;;;;;;;;;;;;Fld;Ha;Total Tonnes;SC;R;LG;P;;H1;H2;ID;FF;CC;MW;SL;;;;;;;
Activities;;2;3;4;5;6;7;8;9;10;11;12;13;14;15;16;17;18;19;20;21;22;23;24;25;26;27;28;29;;15;5,7;0,0;C;C;0;C;;C;C;IP;C;C;C;C;;C;Complete;;;;
Sleep Canes;Ha. Day;;;;;;;;;;;;;;;;;;;;;;;;;;;;;;16;6,7;0,0;C;C;0;C;;C;C;;C;C;C;C;;IP;In Progress;;;;
;Ha. Week;;;;;;;;;;;;;;;;;;;;;;;;;;;;;;17;6,6;0,0;C;C;0;C;;C;C;;C;C;C;C;;;;;;;
;Ha. Todate;103,4;103,4;103,4;103,4;103,4;103,4;103,4;103,4;103,4;103,4;103,4;103,4;103,4;103,4;103,4;103,4;103,4;103,4;103,4;103,4;103,4;103,4;103,4;103,4;103,4;103,4;103,4;103,4;;18;4,5;0,0;C;C;0;C;;C;C;;;C;C;C;;;;;;;
Rake Canes;Ha. Day;;;;;;;;;;;;;;;;;;;;;;;;;;;;;;19;2,2;0,0;C;C;0;C;;C;C;C;C;C;C;C;;;;;;;
;Ha. Week;;;;;;;;;;;;;;;;;;;;;;;;;;;;;;20;3,5;0,0;C;C;0;C;;IP;;;;C;C;C;;;;;;;
;Ha. Todate;103,4;103,4;103,4;103,4;103,4;103,4;103,4;103,4;103,4;103,4;103,4;103,4;103,4;103,4;103,4;103,4;103,4;103,4;103,4;103,4;103,4;103,4;103,4;103,4;103,4;103,4;103,4;103,4;;21;3,4;0,0;C;C;0;C;;C;C;;;C;C;C;;;;;;;
Clean Canals;Ha. Day;;;;;;;;;;;;;;;;;;;;;;;;;;;;;;22;3,8;0,0;C;C;0;C;;C;;;;C;C;C;;;;;;;
;Ha. Week;;;;;;;;;;;;;;;;;;;;;;;;;;;;;;23;3,8;9,6;C;C;C;C;;;;;;C;C;C;;;;;;;
;Ha. Todate;103,4;103,4;103,4;103,4;103,4;103,4;103,4;103,4;103,4;103,4;103,4;103,4;103,4;103,4;103,4;103,4;103,4;103,4;103,4;103,4;103,4;103,4;103,4;103,4;103,4;103,4;103,4;103,4;;24;3,8;7,6;C;C;C;IP;;;;;;C;C;C;;;;;;;
Grub Sideline;Ha. Day;;;;;;;;;;;;;;;;;;;;;;;;;;;;;;25;3,8;7,6;C;C;;;;;;;;C;C;C;;;;;;;
;Ha. Week;;;;;;;;;;;;;;;;;;;;;;;;;;;;;;26;3,8;7,6;C;C;;;;;;;;C;C;C;;;;;;;
;Ha. Todate;1,82;1,82;1,82;1,82;1,82;1,82;1,82;1,82;1,82;1,82;1,82;1,82;1,82;1,82;1,82;1,82;1,82;1,82;1,82;1,82;1,82;1,82;1,82;1,82;1,82;1,82;1,82;1,82;;27;3,8;7,6;C;C;;;;;;;;C;C;C;;;;;;;
Plough;Ha. Day;0;0;0,6;2,8;0;0;0;0;0;1,4;2,4;1,8;2,1;0;0;0;0;0;0;0;0;0;0;0;0;0;0;0;;28;3,8;7,6;C;C;;;;;;;;C;C;C;;;;;;;
;Ha. Week;0;0;0,6;3,4;3,4;3,4;3,4;0;0;1,4;3,8;5,6;7,7;7,7;0;0;0;0;0;0;0;0;0;0;0;0;0;0;;29;3,8;0,0;C;C;0;;;;;;;C;C;C;;;;;;;
;Ha. Todate;29,2;29,2;29,8;32,6;32,6;32,6;32,6;32,6;32,6;34;36,4;38,2;40,3;40,3;40,3;40,3;40,3;40,3;40,3;40,3;40,3;40,3;40,3;40,3;40,3;40,3;40,3;40,3;;30;3,8;0,0;C;C;0;;;;;;;C;C;C;;;;;;;
Drain Cut 10*32;Ha. Day;0;0;0;0;0;0;2,7;1,8;2,4;1,4;2,4;0;0;0;0;0;0;0;0;0;0;0;0;0;0;0;0;0;;31;3,8;0,0;C;C;0;;;;;;;C;C;C;;;;;;;
;Ha. Week;0;0;0;0;0;0;2,7;1,8;4,2;5,6;8;8;8;8;0;0;0;0;0;0;0;0;0;0;0;0;0;0;;32;3,8;0,0;C;C;0;;;;;;;C;C;C;;;;;;;
;Ha. Todate;25,7;25,7;25,7;25,7;25,7;25,7;28,4;30,2;32,6;34;36,4;36,4;36,4;36,4;36,4;36,4;36,4;36,4;36,4;36,4;36,4;36,4;36,4;36,4;36,4;36,4;36,4;36,4;;33;3,8;7,6;C;C;;;;;;;;C;C;C;;;;;;;
Harrow 1;Ha. Day;0;5,2;6,1;6,5;0;6,7;0;0;2,7;1,8;2,4;0;0,3;0;0;0;0;0;0;0;0;0;0;0;0;0;0;0;;34;3,8;7,6;C;C;;;;;;;;C;C;C;;;;;;;
;Ha. Week;0;5,2;11,3;17,8;0;24,5;24,5;0;2,7;4,5;6,9;6,9;7,2;7,2;0;0;0;0;0;0;0;0;0;0;0;0;0;0;;35;3,8;0,0;C;C;0;;;;;;;C;C;C;;;;;;;
;Ha. Todate;1,2;6,4;12,5;19;19;25,7;25,7;25,7;28,4;30,2;32,6;32,6;32,9;32,9;32,9;32,9;32,9;32,9;32,9;32,9;32,9;32,9;32,9;32,9;32,9;32,9;32,9;32,9;;36;3,8;11,5;C;C;;;;;;;;C;C;C;;;;;;;
Harrow 2;Ha. Day;;;;;;2,2;7,4;0,6;5,2;5,4;4,9;1,1;2,3;0;0;0;0;0;0;0;0;0;0;0;0;0;0;0;;37;3,8;11,5;C;C;;;;;;;;C;C;C;;;;;;;
;Ha. Week;;;;;;2,2;9,6;0,6;5,8;11,2;16,1;17,2;19,5;19,5;0;0;0;0;0;0;0;0;0;0;0;0;0;0;;38;3,8;7,6;C;C;;;;;;;;C;C;C;;;;;;;
;Ha. Todate;;;;;;2,2;9,6;10,2;15,4;20,8;25,7;26,8;29,1;29,1;29,1;29,1;29,1;29,1;29,1;29,1;29,1;29,1;29,1;29,1;29,1;29,1;29,1;29,1;;39;3,7;7,4;C;C;;;;;;;;C;C;C;;;;;;;
Dondi ;Ha. Day;;;;;;;;;;2,2;0;0,3;0,6;0;0;0;0;0;0;0;0;0;0;0;0;0;0;0;;40;1,8;9,2;C;C;;;;;;;;C;C;C;;;;;;;
;Ha. Week;;;;;;;;;;2,2;0;2,5;3,1;3,1;0;0;0;0;0;0;0;0;0;0;0;0;0;0;;41;0,7;1,4;C;C;;;;;;;;C;C;C;;;;;;;
;Ha. Todate;;;;;;;;;;2,2;2,2;2,8;3,1;3,1;3,1;3,1;3,1;3,1;3,1;3,1;3,1;3,1;3,1;3,1;3,1;3,1;3,1;3,1;;;103,8;111,6;;;;;;;;;;;;;;;;;;;
Apply Low Grade ;Ha. Day;;;;;;;;;;;;4;3,6;0;0;0;0;0;0;0;0;0;0;0;0;0;0;0;;;;;;;;;;;;;;;;;;;;;;;
;Ha. Week;;;;;;;;;;;;4;7,6;7,6;0;0;0;0;0;0;0;0;0;0;0;0;0;0;;KEY;;;;;;;;;;;;;;;;;;;;;
;Ha. Todate;;;;;;;;;;;;4;7,6;7,6;7,6;7,6;7,6;7,6;7,6;7,6;7,6;7,6;7,6;7,6;7,6;7,6;7,6;7,6;;SC- Sleep Canes;;;;H1- Harrow 1;;;;;;;CC- Cross Canal ;;;;;;;;;;
Canal Excavation;Ha. Day;;;;;;;;;;;;;;;;;;;;;;;;;;;;;;R- Raking Canes;;;;H2- Harrow 2;;;;;;;MW- Middle Walk;;;;;;;;;;
;Ha. Week;;;;;;;;;;;;;;;;;;;;;;;;;;;;;;LG- Apply Low Grade;;;;ID- Internal Drains;;;;;;;SL- Sideline;;;;;;;;;;
;Ha. Todate;;;;;;;;;;;;;;;;;;;;;;;;;;;;;;P- Ploughing;;;;FF- Four Foot;;;;;;;;;;;;;;;;;
;;;;;;;;;;;;;;;;;;;;;;;;;;;;;;;;;;;;;;;;;;;;;;;;;;;;
;;;;;;;;;;;;;;;;;;;;;;;;;;;;;;;;;;;;;;;;;;;;;;;;;;;;
Japarts Construction Inc. Rosehall Canje Project 2023;;;;;;;;;;;;;;;;;;;;;;;;;;;;;;;;;;;;;;;;;;;;;;;;;;;;
;;;;;;;;;;;;;;;;;;;;;;;;;;;;;;;;;;;;;;;;;;;;;;;;;;;;
;;;;;;;;;;;;;;;;;;;;;;;;;;;;;;;;;;;;;;;;;;;;;;;;;;;;
Block 22 (103.8 Ha.);;;;;;;;;;;;;;;;;;;;;;;;;;;;;;;Japarts Construction Inc. Rosehall Canje Project 2023;;;;;;;;;;;;;;;;;;;;;
May;;;;;;;;;;;;;;;;;;;;;;;;;;;;;;;Fld;Ha;Total Tonnes;SC;R;LG;P;DC;H1;H2;ID;FF;CC;MW;SL;;;;;;;
Activities;;30;1;2;3;4;5;6;7;8;9;10;11;12;13;14;15;16;17;18;19;20;21;22;23;24;25;26;27;;15;5,7;0,0;C;C;0;C;C;C;C;IP;C;C;C;C;;C;Complete;;;;
Sleep Canes;Ha. Day;;;;;;;;;;;;;;;;;;;;;;;;;;;;;;16;6,7;0,0;C;C;0;C;C;C;C;EC;C;C;C;C;;IP;In Progress;;;;
;Ha. Week;;;;;;;;;;;;;;;;;;;;;;;;;;;;;;17;6,6;0,0;C;C;0;C;C;C;C;;C;C;C;C;;EC;Estate Complete;;;;
;Ha. Todate;103,4;103,4;103,4;103,4;103,4;103,4;103,4;103,4;103,4;103,4;103,4;103,4;103,4;103,4;103,4;103,4;103,4;103,4;103,4;103,4;103,4;103,4;103,4;103,4;103,4;103,4;103,4;103,4;;18;4,5;0,0;C;C;0;C;C;C;C;;;C;C;C;;;;;;;
Rake Canes;Ha. Day;;;;;;;;;;;;;;;;;;;;;;;;;;;;;;19;2,2;0,0;C;C;0;C;C;C;C;C;C;C;C;C;;;;;;;
;Ha. Week;;;;;;;;;;;;;;;;;;;;;;;;;;;;;;20;3,5;0,0;C;C;0;C;C;IP;;;;C;C;C;;;;;;;
;Ha. Todate;103,4;103,4;103,4;103,4;103,4;103,4;103,4;103,4;103,4;103,4;103,4;103,4;103,4;103,4;103,4;103,4;103,4;103,4;103,4;103,4;103,4;103,4;103,4;103,4;103,4;103,4;103,4;103,4;;21;3,4;0,0;C;C;0;C;C;C;C;;;C;C;C;;;;;;;
Clean Canals;Ha. Day;;;;;;;;;;;;;;;;;;;;;;;;;;;;;;22;3,8;0,0;C;C;0;C;C;C;;;;C;C;C;;;;;;;
;Ha. Week;;;;;;;;;;;;;;;;;;;;;;;;;;;;;;23;3,8;9,6;C;C;C;C;IP;;;;;C;C;C;;;;;;;
;Ha. Todate;103,4;103,4;103,4;103,4;103,4;103,4;103,4;103,4;103,4;103,4;103,4;103,4;103,4;103,4;103,4;103,4;103,4;103,4;103,4;103,4;103,4;103,4;103,4;103,4;103,4;103,4;103,4;103,4;;24;3,8;7,6;C;C;C;C;C;IP;;;;C;C;C;;;;;;;
Grub Sideline;Ha. Day;;;;;;;;;;;;;;;;;;;;;;;;;;;;;;25;3,8;7,6;C;C;C;;;;;;;C;C;C;;;;;;;
;Ha. Week;;;;;;;;;;;;;;;;;;;;;;;;;;;;;;26;3,8;7,6;C;C;C;;;;;;;C;C;C;;;;;;;
;Ha. Todate;1,82;1,82;1,82;1,82;1,82;1,82;1,82;1,82;1,82;1,82;1,82;1,82;1,82;1,82;1,82;1,82;1,82;1,82;1,82;1,82;1,82;1,82;1,82;1,82;1,82;1,82;1,82;1,82;;27;3,8;7,6;C;C;IP;;;;;;;C;C;C;;;;;;;
Plough;Ha. Day;0;0;0;0;0;3,8;0;0;;;;;;;;;;;;;;;;;;;;;;28;3,8;7,6;C;C;;;;;;;;C;C;C;;;;;;;
;Ha. Week;0;0;0;0;0;3,8;0;0;;;;;;;;;;;;;;;;;;;;;;29;3,8;0,0;C;C;0;;;;;;;C;C;C;;;;;;;
;Ha. Todate;40,3;40,3;40,3;40,3;40,3;44,1;44,1;44,1;44,1;44,1;44,1;44,1;44,1;44,1;44,1;44,1;44,1;44,1;44,1;44,1;44,1;44,1;44,1;44,1;44,1;44,1;44,1;44,1;;30;3,8;0,0;C;C;0;;;;;;;C;C;C;;;;;;;
Drain Cut 10*32;Ha. Day;0;0;0;0;0;3,8;0;0;;;;;;;;;;;;;;;;;;;;;;31;3,8;0,0;C;C;0;;;;;;;C;C;C;;;;;;;
;Ha. Week;0;0;0;0;0;3,8;0;0;;;;;;;;;;;;;;;;;;;;;;32;3,8;0,0;C;C;0;;;;;;;C;C;C;;;;;;;
;Ha. Todate;36,4;36,4;36,4;36,4;36,4;40,3;40,3;40,3;40,3;40,3;40,3;40,3;40,3;40,3;40,3;40,3;40,3;40,3;40,3;40,3;40,3;40,3;40,3;40,3;40,3;40,3;40,3;40,3;;33;3,8;7,6;C;C;;;;;;;;C;C;C;;;;;;;
Harrow 1;Ha. Day;0;0;0;0;0;0;0;0;;;;;;;;;;;;;;;;;;;;;;34;3,8;7,6;C;C;;;;;;;;C;C;C;;;;;;;
;Ha. Week;0;0;0;0;0;0;0;0;;;;;;;;;;;;;;;;;;;;;;35;3,8;0,0;C;C;0;;;;;;;C;C;C;;;;;;;
;Ha. Todate;32,9;32,9;32,9;32,9;32,9;32,9;32,9;32,9;32,9;32,9;32,9;32,9;32,9;32,9;32,9;32,9;32,9;32,9;32,9;32,9;32,9;32,9;32,9;32,9;32,9;32,9;32,9;32,9;;36;3,8;11,5;C;C;;;;;;;;C;C;C;;;;;;;
Harrow 2;Ha. Day;0;0;0;0;0;0;0;0;;;;;;;;;;;;;;;;;;;;;;37;3,8;11,5;C;C;;;;;;;;C;C;C;;;;;;;
;Ha. Week;0;0;0;0;0;0;0;0;;;;;;;;;;;;;;;;;;;;;;38;3,8;7,6;C;C;;;;;;;;C;C;C;;;;;;;
;Ha. Todate;29,1;29,1;29,1;29,1;29,1;29,1;29,1;29,1;29,1;29,1;29,1;29,1;29,1;29,1;29,1;29,1;29,1;29,1;29,1;29,1;29,1;29,1;29,1;29,1;29,1;29,1;29,1;29,1;;39;3,7;7,4;C;C;;;;;;;;C;C;C;;;;;;;
Dondi ;Ha. Day;0;0;0;0;0;0;0;0;;;;;;;;;;;;;;;;;;;;;;40;1,8;9,2;C;C;;;;;;;;C;C;C;;;;;;;
;Ha. Week;0;0;0;0;0;0;0;0;;;;;;;;;;;;;;;;;;;;;;41;0,7;1,4;C;C;;;;;;;;C;C;C;;;;;;;
;Ha. Todate;3,1;3,1;3,1;3,1;3,1;3,1;3,1;3,1;3,1;3,1;3,1;3,1;3,1;3,1;3,1;3,1;3,1;3,1;3,1;3,1;3,1;3,1;3,1;3,1;3,1;3,1;3,1;3,1;;;103,8;111,6;;;;;;;;;;;;;;;;;;;
Apply Low Grade ;Ha. Day;0;0;0;0;0;0;11,5;3,8;;;;;;;;;;;;;;;;;;;;;;;;;;;;;;;;;;;;;;;;;;;
;Ha. Week;0;0;0;0;0;0;11,5;3,8;;;;;;;;;;;;;;;;;;;;;;KEY;;;;;;;;;;;;;;;;;;;;;
;Ha. Todate;7,6;7,6;7,6;7,6;7,6;7,6;11,5;15,3;15,3;15,3;15,3;15,3;15,3;15,3;15,3;15,3;15,3;15,3;15,3;15,3;15,3;15,3;15,3;15,3;15,3;15,3;15,3;15,3;;SC- Sleep Canes;;;;H1- Harrow 1;;;;;;;CC- Cross Canal ;;;;;;;;;;
Canal Excavation;Ha. Day;;;;;;;;;;;;;;;;;;;;;;;;;;;;;;R- Raking Canes;;;;H2- Harrow 2;;;;;;;MW- Middle Walk;;;;;;;;;;
;Ha. Week;;;;;;;;;;;;;;;;;;;;;;;;;;;;;;LG- Apply Low Grade;;;;ID- Internal Drains;;;;;;;SL- Sideline;;;;;;;;;;
;Ha. Todate;;;;;;;;;;;;;;;;;;;;;;;;;;;;;;P- Ploughing;;;;FF- Four Foot;;;;;;;DC- Drain Cut;;;;;;;;;;
;;;;;;;;;;;;;;;;;;;;;;;;;;;;;;;;;;;;;;;;;;;;;;;;;;;;
;;;;;;;;;;;;;;;;;;;;;;;;;;;;;;;;;;;;;;;;;;;;;;;;;;;;
;;;;;;;;;;;;;;;;;;;;;;;;;;;;;;;;;;;;;;;;;;;;;;;;;;;;
Japarts Construction Inc. Rosehall Canje Project 2023;;;;;;;;;;;;;;;;;;;;;;;;;;;;;;;;;;;;;;;;;;;;;;;;;;;;
;;;;;;;;;;;;;;;;;;;;;;;;;;;;;;;;;;;;;;;;;;;;;;;;;;;;
;;;;;;;;;;;;;;;;;;;;;;;;;;;;;;;;;;;;;;;;;;;;;;;;;;;;
Block 22 (103.8 Ha.);;;;;;;;;;;;;;;;;;;;;;;;;;;;;;;Japarts Construction Inc. Rosehall Canje Project 2023;;;;;;;;;;;;;;;;;;;;;
June;;;;;;;;;;;;;;;;;;;;;;;;;;;;;;;Fld;Ha;Total Tonnes;SC;R;LG;P;DC;H1;H2;ID;FF;CC;MW;SL;;;;;;;
Activities;;28;29;30;31;1;2;3;4;5;6;7;8;9;10;11;12;13;14;15;16;17;18;19;20;21;22;23;24;;15;5,7;0,0;C;C;0;C;C;C;C;IP;C;C;C;C;;C;Complete;;;;
Sleep Canes;Ha. Day;;;;;;;;;;;;;;;;;;;;;;;;;;;;;;16;6,7;0,0;C;C;0;C;C;C;C;EC;C;C;C;C;;IP;In Progress;;;;
;Ha. Week;;;;;;;;;;;;;;;;;;;;;;;;;;;;;;17;6,6;0,0;C;C;0;C;C;C;C;;C;C;C;C;;EC;Estate Complete;;;;
;Ha. Todate;103,4;103,4;103,4;103,4;103,4;103,4;103,4;103,4;103,4;103,4;103,4;103,4;103,4;103,4;103,4;103,4;103,4;103,4;103,4;103,4;103,4;103,4;103,4;103,4;103,4;103,4;103,4;103,4;;18;4,5;0,0;C;C;0;C;C;C;C;;;C;C;C;;;;;;;
Rake Canes;Ha. Day;;;;;;;;;;;;;;;;;;;;;;;;;;;;;;19;2,2;0,0;C;C;0;C;C;C;C;C;C;C;C;C;;;;;;;
;Ha. Week;;;;;;;;;;;;;;;;;;;;;;;;;;;;;;20;3,5;0,0;C;C;0;C;C;IP;;;;C;C;C;;;;;;;
;Ha. Todate;103,4;103,4;103,4;103,4;103,4;103,4;103,4;103,4;103,4;103,4;103,4;103,4;103,4;103,4;103,4;103,4;103,4;103,4;103,4;103,4;103,4;103,4;103,4;103,4;103,4;103,4;103,4;103,4;;21;3,4;0,0;C;C;0;C;C;C;C;;;C;C;C;;;;;;;
Clean Canals;Ha. Day;;;;;;;;;;;;;;;;;;;;;;;;;;;;;;22;3,8;0,0;C;C;0;C;C;C;;;;C;C;C;;;;;;;
;Ha. Week;;;;;;;;;;;;;;;;;;;;;;;;;;;;;;23;3,8;9,6;C;C;C;C;IP;;;;;C;C;C;;;;;;;
;Ha. Todate;103,4;103,4;103,4;103,4;103,4;103,4;103,4;103,4;103,4;103,4;103,4;103,4;103,4;103,4;103,4;103,4;103,4;103,4;103,4;103,4;103,4;103,4;103,4;103,4;103,4;103,4;103,4;103,4;;24;3,8;7,6;C;C;C;C;C;IP;;;;C;C;C;;;;;;;
Grub Sideline;Ha. Day;;;;;;;;;;;;;;;;;;;;;;;;;;;;;;25;3,8;7,6;C;C;C;;;;;;;C;C;C;;;;;;;
;Ha. Week;;;;;;;;;;;;;;;;;;;;;;;;;;;;;;26;3,8;7,6;C;C;C;;;;;;;C;C;C;;;;;;;
;Ha. Todate;1,82;1,82;1,82;1,82;1,82;1,82;1,82;1,82;1,82;1,82;1,82;1,82;1,82;1,82;1,82;1,82;1,82;1,82;1,82;1,82;1,82;1,82;1,82;1,82;1,82;1,82;1,82;1,82;;27;3,8;7,6;C;C;IP;;;;;;;C;C;C;;;;;;;
Plough;Ha. Day;;;;;;;;;;;;;;;;;;;;;;;;;;;;;;28;3,8;7,6;C;C;;;;;;;;C;C;C;;;;;;;
;Ha. Week;;;;;;;;;;;;;;;;;;;;;;;;;;;;;;29;3,8;0,0;C;C;0;;;;;;;C;C;C;;;;;;;
;Ha. Todate;44,1;44,1;44,1;44,1;44,1;44,1;44,1;44,1;44,1;44,1;44,1;44,1;44,1;44,1;44,1;44,1;44,1;44,1;44,1;44,1;44,1;44,1;44,1;44,1;44,1;44,1;44,1;44,1;;30;3,8;0,0;C;C;0;;;;;;;C;C;C;;;;;;;
Drain Cut 10*32;Ha. Day;;;;;;;;;;;;;;;;;;;;;;;;;;;;;;31;3,8;0,0;C;C;0;;;;;;;C;C;C;;;;;;;
;Ha. Week;;;;;;;;;;;;;;;;;;;;;;;;;;;;;;32;3,8;0,0;C;C;0;;;;;;;C;C;C;;;;;;;
;Ha. Todate;40,3;40,3;40,3;40,3;40,3;40,3;40,3;40,3;40,3;40,3;40,3;40,3;40,3;40,3;40,3;40,3;40,3;40,3;40,3;40,3;40,3;40,3;40,3;40,3;40,3;40,3;40,3;40,3;;33;3,8;7,6;C;C;;;;;;;;C;C;C;;;;;;;
Harrow 1;Ha. Day;;;;;;;;;;;;;;;;;;;;;;;;;;;;;;34;3,8;7,6;C;C;;;;;;;;C;C;C;;;;;;;
;Ha. Week;;;;;;;;;;;;;;;;;;;;;;;;;;;;;;35;3,8;0,0;C;C;0;;;;;;;C;C;C;;;;;;;
;Ha. Todate;32,9;32,9;32,9;32,9;32,9;32,9;32,9;32,9;32,9;32,9;32,9;32,9;32,9;32,9;32,9;32,9;32,9;32,9;32,9;32,9;32,9;32,9;32,9;32,9;32,9;32,9;32,9;32,9;;36;3,8;11,5;C;C;;;;;;;;C;C;C;;;;;;;
Harrow 2;Ha. Day;;;;;;;;;;;;;;;;;;;;;;;;;;;;;;37;3,8;11,5;C;C;;;;;;;;C;C;C;;;;;;;
;Ha. Week;;;;;;;;;;;;;;;;;;;;;;;;;;;;;;38;3,8;7,6;C;C;;;;;;;;C;C;C;;;;;;;
;Ha. Todate;29,1;29,1;29,1;29,1;29,1;29,1;29,1;29,1;29,1;29,1;29,1;29,1;29,1;29,1;29,1;29,1;29,1;29,1;29,1;29,1;29,1;29,1;29,1;29,1;29,1;29,1;29,1;29,1;;39;3,7;7,4;C;C;;;;;;;;C;C;C;;;;;;;
Dondi ;Ha. Day;;;;;;;;;;;;;;;;;;;;;;;;;;;;;;40;1,8;9,2;C;C;;;;;;;;C;C;C;;;;;;;
;Ha. Week;;;;;;;;;;;;;;;;;;;;;;;;;;;;;;41;0,7;1,4;C;C;;;;;;;;C;C;C;;;;;;;
;Ha. Todate;3,1;3,1;3,1;3,1;3,1;3,1;3,1;3,1;3,1;3,1;3,1;3,1;3,1;3,1;3,1;3,1;3,1;3,1;3,1;3,1;3,1;3,1;3,1;3,1;3,1;3,1;3,1;3,1;;;103,8;111,6;;;;;;;;;;;;;;;;;;;
Apply Low Grade ;Ha. Day;;;;;;;;;;;;;;;;;;;;;;;;;;;;;;;;;;;;;;;;;;;;;;;;;;;
;Ha. Week;;;;;;;;;;;;;;;;;;;;;;;;;;;;;;KEY;;;;;;;;;;;;;;;;;;;;;
;Ha. Todate;15,3;15,3;15,3;15,3;15,3;15,3;15,3;15,3;15,3;15,3;15,3;15,3;15,3;15,3;15,3;15,3;15,3;15,3;15,3;15,3;15,3;15,3;15,3;15,3;15,3;15,3;15,3;15,3;;SC- Sleep Canes;;;;H1- Harrow 1;;;;;;;CC- Cross Canal ;;;;;;;;;;
Canal Excavation;Ha. Day;;;;;;;;;;;;;;;;;;;;;;;;;;;;;;R- Raking Canes;;;;H2- Harrow 2;;;;;;;MW- Middle Walk;;;;;;;;;;
;Ha. Week;;;;;;;;;;;;;;;;;;;;;;;;;;;;;;LG- Apply Low Grade;;;;ID- Internal Drains;;;;;;;SL- Sideline;;;;;;;;;;
;Ha. Todate;;;;;;;;;;;;;;;;;;;;;;;;;;;;;;P- Ploughing;;;;FF- Four Foot;;;;;;;DC- Drain Cut;;;;;;;;;;
;;;;;;;;;;;;;;;;;;;;;;;;;;;;;;;;;;;;;;;;;;;;;;;;;;;;
;;;;;;;;;;;;;;;;;;;;;;;;;;;;;;;;;;;;;;;;;;;;;;;;;;;;
Japarts Construction Inc. Rosehall Canje Project 2023;;;;;;;;;;;;;;;;;;;;;;;;;;;;;;;;;;;;;;;;;;;;;;;;;;;;
;;;;;;;;;;;;;;;;;;;;;;;;;;;;;;;;;;;;;;;;;;;;;;;;;;;;
;;;;;;;;;;;;;;;;;;;;;;;;;;;;;;;;;;;;;;;;;;;;;;;;;;;;
Block 22 (103.8 Ha.);;;;;;;;;;;;;;;;;;;;;;;;;;;;;;;Japarts Construction Inc. Rosehall Canje Project 2023;;;;;;;;;;;;;;;;;;;;;
July;;;;;;;;;;;;;;;;;;;;;;;;;;;;;;;Fld;Ha;Total Tonnes;SC;R;LG;P;DC;H1;H2;ID;FF;CC;MW;SL;;;;;;;
Activities;;25;26;27;28;29;30;1;2;3;4;5;6;7;8;9;10;11;12;13;14;15;16;17;18;19;20;21;22;;15;5,7;0,0;C;C;0;C;C;C;C;IP;C;C;C;C;;C;Complete;;;;
Sleep Canes;Ha. Day;;;;;;;;;;;;;;;;;;;;;;;;START SECOND CROP 2023;;;;;;16;6,7;0,0;C;C;0;C;C;C;C;EC;C;C;C;C;;IP;In Progress;;;;
;Ha. Week;;;;;;;;;;;;;;;;;;;;;;;;;;;;;;17;6,6;0,0;C;C;0;C;C;C;C;;C;C;C;C;;EC;Estate Complete;;;;
;Ha. Todate;103,4;103,4;103,4;103,4;103,4;103,4;103,4;103,4;103,4;103,4;103,4;103,4;103,4;103,4;103,4;103,4;103,4;103,4;103,4;103,4;103,4;103,4;103,4;;;;;;;18;4,5;0,0;C;C;0;C;C;C;C;;;C;C;C;;;;;;;
Rake Canes;Ha. Day;;;;;;;;;;;;;;;;;;;;;;;;;;;;;;19;2,2;0,0;C;C;0;C;C;C;C;C;C;C;C;C;;;;;;;
;Ha. Week;;;;;;;;;;;;;;;;;;;;;;;;;;;;;;20;3,5;0,0;C;C;0;C;C;IP;;;;C;C;C;;;;;;;
;Ha. Todate;103,4;103,4;103,4;103,4;103,4;103,4;103,4;103,4;103,4;103,4;103,4;103,4;103,4;103,4;103,4;103,4;103,4;103,4;103,4;103,4;103,4;103,4;103,4;;;;;;;21;3,4;0,0;C;C;0;C;C;C;C;;;C;C;C;;;;;;;
Clean Canals;Ha. Day;;;;;;;;;;;;;;;;;;;;;;;;;;;;;;22;3,8;0,0;C;C;0;C;C;C;;;;C;C;C;;;;;;;
;Ha. Week;;;;;;;;;;;;;;;;;;;;;;;;;;;;;;23;3,8;9,6;C;C;C;C;IP;;;;;C;C;C;;;;;;;
;Ha. Todate;103,4;103,4;103,4;103,4;103,4;103,4;103,4;103,4;103,4;103,4;103,4;103,4;103,4;103,4;103,4;103,4;103,4;103,4;103,4;103,4;103,4;103,4;103,4;;;;;;;24;3,8;7,6;C;C;C;C;C;IP;;;;C;C;C;;;;;;;
Grub Sideline;Ha. Day;;;;;;;;;;;;;;;;;;;;;;;;;;;;;;25;3,8;7,6;C;C;C;;;;;;;C;C;C;;;;;;;
;Ha. Week;;;;;;;;;;;;;;;;;;;;;;;;;;;;;;26;3,8;7,6;C;C;C;;;;;;;C;C;C;;;;;;;
;Ha. Todate;1,82;1,82;1,82;1,82;1,82;1,82;1,82;1,82;1,82;1,82;1,82;1,82;1,82;1,82;1,82;1,82;1,82;1,82;1,82;1,82;1,82;1,82;1,82;;;;;;;27;3,8;7,6;C;C;IP;;;;;;;C;C;C;;;;;;;
Plough;Ha. Day;;;;;;;;;;;;;;;;;;;;;;;;;;;;;;28;3,8;7,6;C;C;;;;;;;;C;C;C;;;;;;;
;Ha. Week;;;;;;;;;;;;;;;;;;;;;;;;;;;;;;29;3,8;0,0;C;C;0;;;;;;;C;C;C;;;;;;;
;Ha. Todate;44,1;44,1;44,1;44,1;44,1;44,1;44,1;44,1;44,1;44,1;44,1;44,1;44,1;44,1;44,1;44,1;44,1;44,1;44,1;44,1;44,1;44,1;44,1;;;;;;;30;3,8;0,0;C;C;0;;;;;;;C;C;C;;;;;;;
Drain Cut 10*32;Ha. Day;;;;;;;;;;;;;;;;;;;;;;;;;;;;;;31;3,8;0,0;C;C;0;;;;;;;C;C;C;;;;;;;
;Ha. Week;;;;;;;;;;;;;;;;;;;;;;;;;;;;;;32;3,8;0,0;C;C;0;;;;;;;C;C;C;;;;;;;
;Ha. Todate;40,3;40,3;40,3;40,3;40,3;40,3;40,3;40,3;40,3;40,3;40,3;40,3;40,3;40,3;40,3;40,3;40,3;40,3;40,3;40,3;40,3;40,3;40,3;;;;;;;33;3,8;7,6;C;C;;;;;;;;C;C;C;;;;;;;
Harrow 1;Ha. Day;;;;;;;;;;;;;;;;;;;;;;;;;;;;;;34;3,8;7,6;C;C;;;;;;;;C;C;C;;;;;;;
;Ha. Week;;;;;;;;;;;;;;;;;;;;;;;;;;;;;;35;3,8;0,0;C;C;0;;;;;;;C;C;C;;;;;;;
;Ha. Todate;32,9;32,9;32,9;32,9;32,9;32,9;32,9;32,9;32,9;32,9;32,9;32,9;32,9;32,9;32,9;32,9;32,9;32,9;32,9;32,9;32,9;32,9;32,9;;;;;;;36;3,8;11,5;C;C;;;;;;;;C;C;C;;;;;;;
Harrow 2;Ha. Day;;;;;;;;;;;;;;;;;;;;;;;;;;;;;;37;3,8;11,5;C;C;;;;;;;;C;C;C;;;;;;;
;Ha. Week;;;;;;;;;;;;;;;;;;;;;;;;;;;;;;38;3,8;7,6;C;C;;;;;;;;C;C;C;;;;;;;
;Ha. Todate;29,1;29,1;29,1;29,1;29,1;29,1;29,1;29,1;29,1;29,1;29,1;29,1;29,1;29,1;29,1;29,1;29,1;29,1;29,1;29,1;29,1;29,1;29,1;;;;;;;39;3,7;7,4;C;C;;;;;;;;C;C;C;;;;;;;
Dondi ;Ha. Day;;;;;;;;;;;;;;;;;;;;;;;;;;;;;;40;1,8;9,2;C;C;;;;;;;;C;C;C;;;;;;;
;Ha. Week;;;;;;;;;;;;;;;;;;;;;;;;;;;;;;41;0,7;1,4;C;C;;;;;;;;C;C;C;;;;;;;
;Ha. Todate;3,1;3,1;3,1;3,1;3,1;3,1;3,1;3,1;3,1;3,1;3,1;3,1;3,1;3,1;3,1;3,1;3,1;3,1;3,1;3,1;3,1;3,1;3,1;;;;;;;;103,8;111,6;;;;;;;;;;;;;;;;;;;
Apply Low Grade ;Ha. Day;;;;;;;;;;;;;;;;;;;;;;;;;;;;;;;;;;;;;;;;;;;;;;;;;;;
;Ha. Week;;;;;;;;;;;;;;;;;;;;;;;;;;;;;;KEY;;;;;;;;;;;;;;;;;;;;;
;Ha. Todate;15,3;15,3;15,3;15,3;15,3;15,3;15,3;15,3;15,3;15,3;15,3;15,3;15,3;15,3;15,3;15,3;15,3;15,3;15,3;15,3;15,3;15,3;15,3;;;;;;;SC- Sleep Canes;;;;H1- Harrow 1;;;;;;;CC- Cross Canal ;;;;;;;;;;
Canal Excavation;Ha. Day;;;;;;;;;;;;;;;;;;;;;;;;;;;;;;R- Raking Canes;;;;H2- Harrow 2;;;;;;;MW- Middle Walk;;;;;;;;;;
;Ha. Week;;;;;;;;;;;;;;;;;;;;;;;;;;;;;;LG- Apply Low Grade;;;;ID- Internal Drains;;;;;;;SL- Sideline;;;;;;;;;;
;Ha. Todate;;;;;;;;;;;;;;;;;;;;;;;;;;;;;;P- Ploughing;;;;FF- Four Foot;;;;;;;DC- Drain Cut;;;;;;;;;;
;;;;;;;;;;;;;;;;;;;;;;;;;;;;;;;;;;;;;;;;;;;;;;;;;;;;
Japarts Construction Inc. Rosehall Canje Project 2023;;;;;;;;;;;;;;;;;;;;;;;;;;;;;;;;;;;;;;;;;;;;;;;;;;;;
;;;;;;;;;;;;;;;;;;;;;;;;;;;;;;;;;;;;;;;;;;;;;;;;;;;;
;;;;;;;;;;;;;;;;;;;;;;;;;;;;;;;;;;;;;;;;;;;;;;;;;;;;
Block 22 (103.8 Ha.);;;;;;;;;;;;;;;;;;;;;;;;;;;;;;;Japarts Construction Inc. Rosehall Canje Project 2023;;;;;;;;;;;;;;;;;;;;;
July;;;;;;;;;;;;;;;;;;;;;;;;;;;;;;;Fld;Ha;Total Tonnes;SC;R;LG;P;DC;H1;H2;ID;FF;CC;MW;SL;;;;;;;
Activities;;25;26;27;28;29;30;1;2;3;4;5;6;7;8;9;10;11;12;13;14;15;16;17;18;19;20;21;22;;15;5,7;0,0;;;;;;;;;;;;;;C;Complete;;;;
Sleep Canes;Ha. Day;;;;;;;;;;;;;;;;;;;;;;;END FIRST CROP 2023;2;2,8;6,6;3,8;0;;16;6,7;0,0;;;;;;;;;;;;;;IP;In Progress;;;;
;Ha. Week;;;;;;;;;;;;;;;;;;;;;;;;2;4,8;11,4;15,2;15,2;;17;6,6;0,0;;;;;;;;;;;;;;EC;Estate Complete;;;;
;Ha. Todate;;;;;;;;;;;;;;;;;;;;;;;;2;4,8;11,4;15,2;15,2;;18;4,5;0,0;;;;;;;;;;;;;;;;;;;
Rake Canes;Ha. Day;;;;;;;;;;;;;;;;;;;;;;;;2;2,8;6,6;3,8;0;;19;2,2;0,0;;;;;;;;;;;;;;;;;;;
;Ha. Week;;;;;;;;;;;;;;;;;;;;;;;;2;4,8;11,4;15,2;15,2;;20;3,5;0,0;;;;;;;;;;;;;;;;;;;
;Ha. Todate;;;;;;;;;;;;;;;;;;;;;;;;2;4,8;11,4;15,2;15,2;;21;3,4;0,0;;;;;;;;;;;;;;;;;;;
Clean Canals;Ha. Day;;;;;;;;;;;;;;;;;;;;;;;;;;;;;;22;3,8;0,0;;;;;;;;;;;;;;;;;;;
;Ha. Week;;;;;;;;;;;;;;;;;;;;;;;;;;;;;;23;3,8;9,6;;;;;;;;;;;;;;;;;;;
;Ha. Todate;;;;;;;;;;;;;;;;;;;;;;;;0;0;0;0;0;;24;3,8;7,6;;;;;;;;;;;;;;;;;;;
Grub Sideline;Ha. Day;;;;;;;;;;;;;;;;;;;;;;;;;;;;;;25;3,8;7,6;C;C;C;IP;;;;;;;;;;;;;;;
;Ha. Week;;;;;;;;;;;;;;;;;;;;;;;;;;;;;;26;3,8;7,6;C;C;C;;;;;;;;;;;;;;;;
;Ha. Todate;;;;;;;;;;;;;;;;;;;;;;;;0;0;0;0;0;;27;3,8;7,6;C;C;IP;;;;;;;;;;;;;;;;
Plough;Ha. Day;;;;;;;;;;;;;;;;;;;;;;;;;;;;1,9;;28;3,8;7,6;IP;C;;;;;;;;;;;;;;;;;
;Ha. Week;;;;;;;;;;;;;;;;;;;;;;;;;;;;1,9;;29;3,8;0,0;;IP;;;;;;;;;;;;;;;;;
;Ha. Todate;;;;;;;;;;;;;;;;;;;;;;;;0;0;0;0;1,9;;30;3,8;0,0;;;;;;;;;;;;;;;;;;;
Drain Cut 10*32;Ha. Day;;;;;;;;;;;;;;;;;;;;;;;;;;;;;;31;3,8;0,0;;;;;;;;;;;;;;;;;;;
;Ha. Week;;;;;;;;;;;;;;;;;;;;;;;;;;;;;;32;3,8;0,0;;;;;;;;;;;;;;;;;;;
;Ha. Todate;;;;;;;;;;;;;;;;;;;;;;;;0;0;0;0;0;;33;3,8;7,6;;;;;;;;;;;;;;;;;;;
Harrow 1;Ha. Day;;;;;;;;;;;;;;;;;;;;;;;;;;;;;;34;3,8;7,6;;;;;;;;;;;;;;;;;;;
;Ha. Week;;;;;;;;;;;;;;;;;;;;;;;;;;;;;;35;3,8;0,0;;;;;;;;;;;;;;;;;;;
;Ha. Todate;;;;;;;;;;;;;;;;;;;;;;;;0;0;0;0;0;;36;3,8;11,5;;;;;;;;;;;;;;;;;;;
Harrow 2;Ha. Day;;;;;;;;;;;;;;;;;;;;;;;;;;;;;;37;3,8;11,5;;;;;;;;;;;;;;;;;;;
;Ha. Week;;;;;;;;;;;;;;;;;;;;;;;;;;;;;;38;3,8;7,6;;;;;;;;;;;;;;;;;;;
;Ha. Todate;;;;;;;;;;;;;;;;;;;;;;;;0;0;0;0;0;;39;3,7;7,4;;;;;;;;;;;;;;;;;;;
Dondi ;Ha. Day;;;;;;;;;;;;;;;;;;;;;;;;;;;;;;40;1,8;9,2;;;;;;;;;;;;;;;;;;;
;Ha. Week;;;;;;;;;;;;;;;;;;;;;;;;;;;;;;41;0,7;1,4;;;;;;;;;;;;;;;;;;;
;Ha. Todate;;;;;;;;;;;;;;;;;;;;;;;;0;0;0;0;0;;;103,8;111,6;;;;;;;;;;;;;;;;;;;
Apply Low Grade ;Ha. Day;;;;;;;;;;;;;;;;;;;;;;;;;;;;;;;;;;;;;;;;;;;;;;;;;;;
;Ha. Week;;;;;;;;;;;;;;;;;;;;;;;;;;;;;;KEY;;;;;;;;;;;;;;;;;;;;;
;Ha. Todate;;;;;;;;;;;;;;;;;;;;;;;;0;0;0;0;0;;SC- Sleep Canes;;;;H1- Harrow 1;;;;;;;CC- Cross Canal ;;;;;;;;;;
Canal Excavation;Ha. Day;;;;;;;;;;;;;;;;;;;;;;;;;;;;;;R- Raking Canes;;;;H2- Harrow 2;;;;;;;MW- Middle Walk;;;;;;;;;;
;Ha. Week;;;;;;;;;;;;;;;;;;;;;;;;;;;;;;LG- Apply Low Grade;;;;ID- Internal Drains;;;;;;;SL- Sideline;;;;;;;;;;
;Ha. Todate;;;;;;;;;;;;;;;;;;;;;;;;0;0;0;0;0;;P- Ploughing;;;;FF- Four Foot;;;;;;;DC- Drain Cut;;;;;;;;;;
;;;;;;;;;;;;;;;;;;;;;;;;;;;;;;;;;;;;;;;;;;;;;;;;;;;;
Japarts Construction Inc. Rosehall Canje Project 2023;;;;;;;;;;;;;;;;;;;;;;;;;;;;;;;;;;;;;;;;;;;;;;;;;;;;
;;;;;;;;;;;;;;;;;;;;;;;;;;;;;;;;;;;;;;;;;;;;;;;;;;;;
;;;;;;;;;;;;;;;;;;;;;;;;;;;;;;;;;;;;;;;;;;;;;;;;;;;;
Block 22 (103.8 Ha.);;;;;;;;;;;;;;;;;;;;;;;;;;;;;;;Japarts Construction Inc. Rosehall Canje Project 2023;;;;;;;;;;;;;;;;;;;;;
July / August;;;;;;;;;;;;;;;;;;;;;;;;;;;;;;;Fld;Ha;Total Tonnes;SC;R;LG;P;DC;H1;H2;ID;FF;CC;MW;SL;;;;;;;
Activities;;23;24;25;26;27;28;29;30;31;1;2;3;4;5;6;7;8;9;10;11;12;13;14;15;16;17;18;19;;15;5,7;0,0;;;;;;;;;;;;;;C;Complete;;;;
Sleep Canes;Ha. Day;0;0;0;0;0;3,8;3,9;3,8;0;0;0;0;0;0;0;3,8;3,8;2;0;0;0;1,8;0;1,8;0;0;3,8;0;;16;6,7;0,0;;;;;;;;;;;;;;IP;In Progress;;;;
;Ha. Week;0;0;0;0;0;3,8;7,7;3,8;3,8;3,8;3,8;3,8;3,8;3,8;0;3,8;7,6;9,6;9,6;9,6;9,6;1,8;1,8;3,6;3,6;3,6;7,4;7,4;;17;6,6;0,0;;;;;;;;;;;;;;EC;Estate Complete;;;;
;Ha. Todate;15,2;15,2;15,2;15,2;15,2;19;22,9;26,7;26,7;26,7;26,7;26,7;26,7;26,7;26,8;30,6;34,4;36,4;36,4;36,4;36,4;38,2;38,2;42;42;42;45,8;45,8;;18;4,5;0,0;;;;;;;;;;;;;;;;;;;
Rake Canes;Ha. Day;0;0;0;0;0;3,8;0,1;0;3,8;0;0;0;0;0;2;2;2;1,7;0;3,8;3,8;2,4;1,4;1,8;0;0;3,8;0;;19;2,2;0,0;;;;;;;;;;;;;;;;;;;
;Ha. Week;0;0;0;0;0;3,8;3,9;0;3,8;3,8;3,8;3,8;3,8;3,8;2;4;6;7,7;7,7;11,5;11,5;2,4;3,8;5,6;5,6;5,6;9,4;9,4;;20;3,5;0,0;;;;;;;;;;;;;;;;;;;
;Ha. Todate;15,2;15,2;15,2;15,2;15,2;19;19,1;19,1;22,9;22,9;22,9;22,9;22,9;22,9;24,9;26,9;28,9;30,6;30,6;34,4;34,4;36,8;38,2;42;42;42;45,8;45,8;;21;3,4;0,0;;;;;;;;;;;;;;;;;;;
Clean Canals;Ha. Day;;;;;;;;;;;;;;;;;;;;;;;;;;;;;;22;3,8;0,0;C;C;;IP;;;;;;;;;;;;;;;
;Ha. Week;;;;;;;;;;;;;;;;;;;;;;;;;;;;;;23;3,8;9,6;IP;IP;;;;;;;;;;;;;;;;;
;Ha. Todate;0;0;0;0;0;0;0;0;0;0;0;0;0;0;0;0;0;0;0;0;0;0;0;0;0;0;0;0;;24;3,8;7,6;;;;;;;;;;;;;;;;;;;
Grub Sideline;Ha. Day;;;;;;;;;;;;;;;;;;;;;;;;;;;;;;25;3,8;7,6;C;C;C;C;C;C;C;C;C;;;;;;;;;;
;Ha. Week;;;;;;;;;;;;;;;;;;;;;;;;;;;;;;26;3,8;7,6;C;C;C;C;C;C;C;C;C;;;;;;;;;;
;Ha. Todate;0;0;0;0;0;0;0;0;0;0;0;0;0;0;0;0;0;0;0;0;0;0;0;0;0;0;0;0;;27;3,8;7,6;C;C;C;C;C;C;C;C;C;;;;;;;;;;
Plough;Ha. Day;0,3;1,6;3,8;1,9;2;3,8;3,8;0;0;3,8;0;0;0;0;0;0;0;0;0;0;0;0;0;3,8;0;3,9;3,8;0;;28;3,8;7,6;C;C;C;C;C;C;C;C;C;;;;;;;;;;
;Ha. Week;0,3;1,9;5,7;7,6;9,6;13,4;17,2;0;0;3,8;3,8;3,8;3,8;3,8;0;0;0;0;0;0;0;0;0;3,8;3,8;7,7;11,5;11,5;;29;3,8;0,0;C;C;*;C;C;C;C;C;C;;;;;;;;;;
;Ha. Todate;2,2;3,8;7,6;9,5;11,5;15,3;19,1;19,1;19,1;22,9;22,9;22,9;22,9;22,9;22,9;22,9;22,9;22,9;22,9;22,9;22,9;22,9;22,9;26,7;26,7;30,6;34,4;34,4;;30;3,8;0,0;C;C;*;C;C;C;C;C;C;;;;;;;;;;
Drain Cut 10*32;Ha. Day;;;;3,2;4,4;1;2,9;0;0;0;0;0;0;0;0;0;0;0;0;7,6;7,6;1,5;2,3;3,8;0;3,9;0;0;;31;3,8;0,0;C;C;*;C;C;;;;;;;;;;;;;;
;Ha. Week;;;;3,2;4,4;5,4;8,3;0;0;0;0;0;0;0;0;0;0;0;0;7,6;7,6;1,5;3,8;7,6;7,6;11,5;11,5;11,5;;32;3,8;0,0;C;C;*;C;C;;;;;;;;;;;;;;
;Ha. Todate;0;0;0;3,2;7,6;8,6;11,5;11,5;11,5;11,5;11,5;11,5;11,5;11,5;11,5;11,5;11,5;11,5;11,5;19,1;19,1;20,6;22,9;26,7;26,7;30,6;30,6;30,6;;33;3,8;7,6;C;C;;;;;;;;;;;;;;;;;
Harrow 1;Ha. Day;;;;;;;;;7,6;3,9;0;0;0;0;0;0;0;0;0;3,8;3,8;7,6;0;0;0;0;0;0;;34;3,8;7,6;C;C;;;;;;;;;;;;;;;;;
;Ha. Week;;;;;;;;;7,6;11,5;11,5;11,5;11,5;11,5;0;0;0;0;0;3,8;3,8;7,6;7,6;7,6;7,6;7,6;7,6;7,6;;35;3,8;0,0;C;C;*;C;;;;;;;;;;;;;;;
;Ha. Todate;0;0;0;0;0;0;0;0;7,6;11,5;11,5;11,5;11,5;11,5;11,5;11,5;11,5;11,5;11,5;15,3;15,3;22,9;22,9;22,9;22,9;22,9;22,9;22,9;;36;3,8;11,5;;;;;;;;;;;;;;;;;;;
Harrow 2;Ha. Day;;;;;;;;;;7,6;0;0;0;0;0;0;0;0;0;0;0;0;15,3;0;0;0;0;0;;37;3,8;11,5;;;;;;;;;;;;;;;;;;;
;Ha. Week;;;;;;;;;;7,6;7,6;7,6;7,6;7,6;0;0;0;0;0;0;0;0;15,3;15,3;15,3;15,3;15,3;15,3;;38;3,8;7,6;;;;;;;;;;;;;;;;;;;
;Ha. Todate;0;0;0;0;0;0;0;0;0;7,6;7,6;7,6;7,6;7,6;7,6;7,6;7,6;7,6;7,6;7,6;7,6;7,6;22,9;22,9;22,9;22,9;22,9;22,9;;39;3,7;7,4;;;;;;;;;;;;;;;;;;;
Dondi ;Ha. Day;;;;;;;;;;0;0;0;0;0;0;1;3;1;1;0,5;1,1;0;3,9;0;0;0;11,4;0;;40;1,8;9,2;;;;;;;;;;;;;;;;;;;
;Ha. Week;;;;;;;;;;0;0;0;0;0;0;1;4;5;6;6,5;7,6;0;3,9;3,9;3,9;3,9;15,3;15,3;;41;0,7;1,4;;;;;;;;;;;;;;;;;;;
;Ha. Todate;0;0;0;0;0;0;0;0;0;0;0;0;0;0;0;1;4;5;6;6,5;7,6;7,6;11,5;11,5;11,5;11,5;22,9;22,9;;;103,8;111,6;;;;;;;;;;;;;;;;;;;
Apply Low Grade ;Ha. Day;;;;;;3,8;0;0;0;0;0;0;0;0;0;0;0;0;0;0;0;0;0;0;0;0;0;0;;;;;;;;;;;;;;;;;;;;;;;
;Ha. Week;;;;;;3,8;3,8;0;0;0;0;0;0;0;0;0;0;0;0;0;0;0;0;0;0;0;0;0;;KEY;;;;;;;;;;;;;;;;;;;;;
;Ha. Todate;0;0;0;0;0;3,8;3,8;3,8;3,8;3,8;3,8;3,8;3,8;3,8;3,8;3,8;3,8;3,8;3,8;3,8;3,8;3,8;3,8;3,8;3,8;3,8;3,8;3,8;;SC- Sleep Canes;;;;H1- Harrow 1;;;;;;;CC- Cross Canal ;;;;;;;;;;
Canal Excavation;Ha. Day;;;;;;;;;;;;;;;;;;;;;;;;;;;;;;R- Raking Canes;;;;H2- Harrow 2;;;;;;;MW- Middle Walk;;;;;;;;;;
;Ha. Week;;;;;;;;;;;;;;;;;;;;;;;;;;;;;;LG- Apply Low Grade;;;;ID- Internal Drains;;;;;;;SL- Sideline;;;;;;;;;;
;Ha. Todate;0;0;0;0;0;0;0;0;0;0;0;0;0;0;0;0;0;0;0;0;0;0;0;0;0;0;0;0;;P- Ploughing;;;;FF- Four Foot;;;;;;;DC- Drain Cut;;;;;;;;;;
;;;;;;;;;;;;;;;;;;;;;;;;;;;;;;;;;;;;;;;;;;;;;;;;;;;;
Japarts Construction Inc. Rosehall Canje Project 2023;;;;;;;;;;;;;;;;;;;;;;;;;;;;;;;;;;;;;;;;;;;;;;;;;;;;
;;;;;;;;;;;;;;;;;;;;;;;;;;;;;;;;;;;;;;;;;;;;;;;;;;;;
;;;;;;;;;;;;;;;;;;;;;;;;;;;;;;;;;;;;;;;;;;;;;;;;;;;;
Block 22 (103.8 Ha.);;;;;;;;;;;;;;;;;;;;;;;;;;;;;;;Japarts Construction Inc. Rosehall Canje Project 2023;;;;;;;;;;;;;;;;;;;;;
August / September;;;;;;;;;;;;;;;;;;;;;;;;;;;;;;;Fld;Ha;Total Tonnes;SC;R;LG;P;DC;H1;H2;ID;FF;CC;MW;SL;;;;;;;
Activities;;20;21;22;23;24;25;26;27;28;29;30;31;1;2;3;4;5;6;7;8;9;10;11;12;13;14;15;16;;15;5,74;0,0;;;;;;;;;;;;;;C;Complete;;;;
Sleep Canes;Ha. Day;0;3,9;3,8;0;0;0;0;0;0;0;0;0;0;8,1;3,3;3,7;0;1,9;0,7;0;0;0;0;0;0;;;;;16;6,71;0,0;;;;;;;;;;;;;;IP;In Progress;;;;
;Ha. Week;0;3,9;7,7;7,7;7,7;7,7;7,7;0;0;0;0;0;0;8,1;3,3;7;7;8,9;9,6;9,6;9,6;0;0;0;0;;;;;17;6,59;0,0;;;;;;;;;;;;;;EC;Estate Complete;;;;
;Ha. Todate;45,8;49,7;53,5;53,5;53,5;53,5;53,5;53,5;53,5;53,5;53,5;53,5;53,5;61,6;64,9;68,6;68,6;70,5;71,2;71,2;71,2;71,2;71,2;71,2;71,2;;;;;18;4,50;0,0;;;;;;;;;;;;;;;;;;;
Rake Canes;Ha. Day;0;3,9;3,8;0;0;0;0;0;0;0;0;0;0;8,1;3,3;3,7;0;1,9;0,7;0;0;0;0;0;0;;;;;19;2,17;0,0;;;;;;;;;;;;;;;;;;;
;Ha. Week;0;3,9;7,7;7,7;7,7;7,7;7,7;0;0;0;0;0;0;8,1;3,3;7;7;8,9;9,6;9,6;9,6;0;0;0;0;;;;;20;3,50;0,0;;;;;;;;;;;;;;;;;;;
;Ha. Todate;45,8;49,7;53,5;53,5;53,5;53,5;53,5;53,5;53,5;53,5;53,5;53,5;53,5;61,6;64,9;68,6;68,6;70,5;71,2;71,2;71,2;71,2;71,2;71,2;71,2;;;;;21;3,40;0,0;;;;;;;;;;;;;;;;;;;
Clean Canals;Ha. Day;;;;;;;;;;;;;;;;;;;;;;;;;;;;;;22;3,82;0,0;C;C;*;C;C;C;C;C;C;;;;;;;;;;
;Ha. Week;;;;;;;;;;;;;;;;;;;;;;;;;;;;;;23;3,82;9,6;C;C;*;C;C;C;C;C;C;;;;;;;;;;
;Ha. Todate;0;0;0;0;0;0;0;0;0;0;0;0;0;0;0;0;0;0;0;0;0;0;0;0;0;;;;;24;3,82;7,6;C;C;*;C;C;C;C;C;C;;;;;;;;;;
Grub Sideline;Ha. Day;;;;;;;;;;;;;;;;;;;;;;;;;;;;;;25;3,82;7,6;C;C;C;C;C;C;C;C;C;;;;;;;;;;
;Ha. Week;;;;;;;;;;;;;;;;;;;;;;;;;;;;;;26;3,82;7,6;C;C;C;C;C;C;C;C;C;;;;;;;;;;
;Ha. Todate;0;0;0;0;0;0;0;0;0;0;0;0;0;0;0;0;0;0;0;0;0;0;0;0;0;;;;;27;3,82;7,6;C;C;C;C;C;C;C;C;C;;;;;;;;;;
Plough;Ha. Day;0;0;3,8;0;0;0;0;0;3,8;0;3,8;3,9;0;3,8;0;3,8;0;0;3,8;3,8;3,7;1,9;0;0;0;;;;;28;3,82;7,6;C;C;C;C;C;C;C;C;C;;;;;;;;;;
;Ha. Week;0;0;3,8;3,8;3,8;3,8;3,8;0;3,8;3,8;7,6;11,5;11,5;15,3;0;3,8;3,8;3,8;7,6;11,4;15,1;1,9;1,9;1,9;1,9;;;;;29;3,82;0,0;C;C;*;C;C;C;C;C;C;;;;;;;;;;
;Ha. Todate;34,4;34,4;38,2;38,2;38,2;38,2;38,2;38,2;42;42;45,8;49,7;49,7;53,5;53,5;57,3;57,3;57,3;61,1;64,9;68,6;70,5;70,5;70,5;70,5;;;;;30;3,82;0,0;C;C;*;C;C;C;C;C;C;;;;;;;;;;
Drain Cut 10*32;Ha. Day;0;0;0;7,6;0;0;0;0;0;0;3,8;0;7,7;0;0;0;3,8;0;3,8;0;7,5;0;1,9;0;0;;;;;31;3,82;0,0;C;C;*;C;C;C;C;C;C;;;;;;;;;;
;Ha. Week;0;0;0;7,6;7,6;7,6;7,6;0;0;0;3,8;3,8;11,5;11,5;0;0;3,8;3,8;7,6;7,6;15,1;0;1,9;1,9;1,9;;;;;32;3,82;0,0;C;C;*;C;C;C;C;C;C;;;;;;;;;;
;Ha. Todate;30,6;30,6;30,6;38,2;38,2;38,2;38,2;38,2;38,2;38,2;42;42;49,7;49,7;53,5;53,5;57,3;57,3;61,1;61,1;68,6;68,6;70,5;70,5;70,5;;;;;33;3,82;7,6;C;C;C;C;C;C;C;C;C;;;;;;;;;;
Harrow 1;Ha. Day;0;0;0;7,7;0;3,8;3,8;0;0;0;3,8;0;3,8;3,9;3,8;0;0;0;3,8;3,8;0;3,8;5,6;0;0;;;;;34;3,82;7,6;C;C;C;C;C;C;C;C;C;;;;;;;;;;
;Ha. Week;0;0;0;7,7;7,7;11,5;15,3;0;0;0;3,8;3,8;7,6;11,5;3,8;3,8;3,8;3,8;7,6;11,4;11,4;3,8;9,5;9,5;9,5;;;;;35;3,82;0,0;C;C;*;C;C;C;C;C;C;;;;;;;;;;
;Ha. Todate;22,9;22,9;22,9;30,6;30,6;34,4;38,2;38,2;38,2;38,2;42;42;45,8;49,7;53,5;53,5;53,5;53,5;57,3;61,1;61,1;64,9;70,5;70,5;70,5;;;;;36;3,82;11,5;C;C;C;C;C;C;C;C;C;;;;;;;;;;
Harrow 2;Ha. Day;0;0;0;0;3,8;3,8;0;0;3,8;0;0;3,8;0;7,6;3,9;0;0;0;3,8;0;3,8;3,8;7,5;0;0;;;;;37;3,82;11,5;C;C;C;C;C;C;C;C;C;;;;;;;;;;
;Ha. Week;0;0;0;0;3,8;7,6;7,6;0;3,8;3,8;3,8;7,6;7,6;15,2;3,9;3,9;3,9;3,9;7,7;7,7;11,5;3,8;11,3;11,3;11,3;;;;;38;3,82;7,6;C;C;C;C;C;C;C;C;C;;;;;;;;;;
;Ha. Todate;22,9;22,9;22,9;22,9;26,7;30,6;30,6;30,6;34,4;34,4;34,4;38,2;38,2;45,8;49,7;49,7;49,7;49,7;53,5;53,5;57,3;61,1;68,6;68,6;68,6;;;;;39;3,70;7,4;C;C;C;C;C;C;C;C;C;;;;;;;;;;
Dondi ;Ha. Day;0;0;0;0;3,8;3,9;0;0;0;3,8;3,8;0;0;3,8;0;0;7,6;3,9;3,8;0;0;3,8;0;7,6;3,7;;;;;40;1,83;9,2;C;C;C;C;C;C;C;C;C;;;;;;;;;;
;Ha. Week;0;0;0;0;3,8;7,7;7,7;0;0;3,8;3,8;3,8;3,8;7,6;0;0;7,6;11,5;15,3;15,3;15,3;3,8;3,8;11,4;15,1;;;;;41;0,72;1,4;C;C;IP;;;;;;;;;;;;;;;;
;Ha. Todate;22,9;22,9;22,9;22,9;26,7;30,6;30,6;30,6;30,6;34,4;34,4;34,4;34,4;38,2;38,2;38,2;45,8;49,7;53,5;53,5;53,5;57,3;57,3;64,9;68,6;;;;;;103,8;111,6;;;;;;;;;;;;;;;;;;;
Apply Low Grade ;Ha. Day;0;3,8;3,8;0;0;3,8;0;0;0;0;0;0;0;0;3,8;0;3,8;3,8;0;3,7;1,9;0;0;0;0;;;;;;;;;;;;;;;;;;;;;;;;;;
;Ha. Week;0;3,8;7,6;7,6;7,6;11,4;11,4;0;0;0;0;0;0;0;3,8;3,8;7,6;11,4;11,4;15,1;17;0;0;0;0;;;;;KEY;;;;;;;;;;;;;;;;;;;;;
;Ha. Todate;3,8;7,6;11,5;11,5;11,5;15,3;15,3;15,3;15,3;15,3;15,3;15,3;15,3;15,3;19,1;19,1;22,9;26,7;26,7;30,4;32,3;32,3;32,3;32,3;39,9;;;;;SC- Sleep Canes;;;;H1- Harrow 1;;;;;;;CC- Cross Canal ;;;;;;;;;;
Canal Excavation;Ha. Day;;;;;;;;;;;;;;;;;;;;;;;;;;;;;;R- Raking Canes;;;;H2- Harrow 2;;;;;;;MW- Middle Walk;;;;;;;;;;
;Ha. Week;;;;;;;;;;;;;;;;;;;;;;;;;;;;;;LG- Apply Low Grade;;;;ID- Internal Drains;;;;;;;SL- Sideline;;;;;;;;;;
;Ha. Todate;0;0;0;0;0;0;0;0;0;0;0;0;0;0;0;0;0;0;0;0;0;0;0;0;0;;;;;P- Ploughing;;;;FF- Four Foot;;;;;;;DC- Drain Cut;;;;;;;;;;
;;;;;;;;;;;;;;;;;;;;;;;;;;;;;;;;;;;;;;;;;;;;;;;;;;;;
;;;;;;;;;;;;;;;;;;;;;;;;;;;;;;;;;;;;;;;;;;;;;;;;;;;;
Japarts Construction Inc. Rosehall Canje Project 2023;;;;;;;;;;;;;;;;;;;;;;;;;;;;;;;Japarts Construction Inc. Rosehall Canje Project 2023;;;;;;;;;;;;;;;;;;;;;
;;;;;;;;;;;;;;;;;;;;;;;;;;;;;;;Fld;Ha;Total Tonnes;SC;R;LG;P;DC;H1;H2;ID;FF;CC;MW;SL;;;;;;;
;;;;;;;;;;;;;;;;;;;;;;;;;;;;;;;1;1,3;2,6;C;C;;;;;;;;;;;;;;;;;
Lot 24 ( Ha.);;;;;;;;;;;;;;;;;;;;;;;;;;;;;;;2;2,8;5,6;C;C;C;C;C;C;;;;;;;;;;;;;
;;;;;;;;;;;;;;;;;;;;;;;;;;;;;;;3;4,5;11,2;C;C;C;C;C;;;;;;;;;;;;;;
August / September;;;;;;;;;;;;;;;;;;;;;;;;;;;;;;;4;4,5;*;C;C;*;C;;;;;;;;;;;;;;;
;;;;;;;;;;;;;;;;;;;;;;;;;;;;;;;5;4,4;8,8;C;C;;;;;;;;;;;;;;;;;
Activities;;20;21;22;23;24;25;26;27;28;29;30;31;1;2;3;4;5;6;7;8;9;10;11;12;13;14;15;16;;6;4,5;9,0;IP;IP;;;;;;;;;;;;C;Complete;;;;
Sleep Canes;Ha. Day;;;;;;;;;;;;;;;;;;;;;0;1,3;2,8;4,5;4,5;4,4;0;0;;7;4,5;9,0;;;;;;;;;;;;;;IP;In Progress;;;;
;Ha. Week;;;;;;;;;;;;;;;;;;;;;0;1,3;4,1;8,6;13,1;17,5;17,5;17,5;;8;4,5;9,0;;;;;;;;;;;;;;EC;Estate Complete;;;;
;Ha. Todate;;;;;;;;;;;;;;;;;;;;;71,2;72,5;75,3;79,8;84,3;88,7;88,7;88,7;;9;4,5;8,9;;;;;;;;;;;;;;;;;;;
Rake Canes;Ha. Day;;;;;;;;;;;;;;;;;;;;;0;1,3;2,8;4,5;4,5;4,4;0;0;;10;4,6;9,1;;;;;;;;;;;;;;;;;;;
;Ha. Week;;;;;;;;;;;;;;;;;;;;;0;1,3;4,1;8,6;13,1;17,5;17,5;17,5;;11;4,5;9,0;;;;;;;;;;;;;;;;;;;
;Ha. Todate;;;;;;;;;;;;;;;;;;;;;71,2;72,5;75,3;79,8;84,3;88,7;88,7;88,7;;12;4,3;8,7;;;;;;;;;;;;;;;;;;;
Clean Canals;Ha. Day;;;;;;;;;;;;;;;;;;;;;;;;;;;;;;13;4,2;8,4;;;;;;;;;;;;;;;;;;;
;Ha. Week;;;;;;;;;;;;;;;;;;;;;;;;;;;;;;14;4,2;8,4;;;;;;;;;;;;;;;;;;;
;Ha. Todate;;;;;;;;;;;;;;;;;;;;;0;0;0;0;0;0;0;0;;15;3,9;7,8;;;;;;;;;;;;;;;;;;;
Grub Sideline;Ha. Day;;;;;;;;;;;;;;;;;;;;;;;;;;;;;;16;3,9;7,8;;;;;;;;;;;;;;;;;;;
;Ha. Week;;;;;;;;;;;;;;;;;;;;;;;;;;;;;;17;4,5;9,0;;;;;;;;;;;;;;;;;;;
;Ha. Todate;;;;;;;;;;;;;;;;;;;;;0;0;0;0;0;0;0;0;;18;4,2;8,4;;;;;;;;;;;;;;;;;;;
Plough;Ha. Day;;;;;;;;;;;;;;;;;;;;;0;0;0;0;0;0;7,3;4,5;;19;4,3;8,7;;;;;;;;;;;;;;;;;;;
;Ha. Week;;;;;;;;;;;;;;;;;;;;;1,9;0;0;0;0;0;9,2;13,7;;20;3,5;7,1;;;;;;;;;;;;;;;;;;;
;Ha. Todate;;;;;;;;;;;;;;;;;;;;;70,5;70,5;70,5;70,5;70,5;70,5;77,8;82,3;;21;4,0;7,9;;;;;;;;;;;;;;;;;;;
Drain Cut 10*32;Ha. Day;;;;;;;;;;;;;;;;;;;;;0;0;0;0;0;0;2,8;4,5;;22;4,8;9,5;;;;;;;;;;;;;;;;;;;
;Ha. Week;;;;;;;;;;;;;;;;;;;;;1,9;0;0;0;0;0;4,7;9,2;;23;2,9;*;;;;;;;;;;;;;;;;;;;
;Ha. Todate;;;;;;;;;;;;;;;;;;;;;70,5;70,5;70,5;70,5;70,5;70,5;73,3;77,8;;24;2,4;*;;;;;;;;;;;;;;;;;;;
Harrow 1;Ha. Day;;;;;;;;;;;;;;;;;;;;;0;0;0;0;0;0;0;2,8;;25;4,8;*;;;;;;;;;;;;;;;;;;;
;Ha. Week;;;;;;;;;;;;;;;;;;;;;9,5;0;0;0;0;0;0;12,3;;26;4,8;*;;;;;;;;;;;;;;;;;;;
;Ha. Todate;;;;;;;;;;;;;;;;;;;;;70,5;70,5;70,5;70,5;70,5;70,5;70,5;73,3;;27;4,7;*;;;;;;;;;;;;;;;;;;;
Harrow 2;Ha. Day;;;;;;;;;;;;;;;;;;;;;0;0;0;0;0;0;0;0;;28;4,7;*;;;;;;;;;;;;;;;;;;;
;Ha. Week;;;;;;;;;;;;;;;;;;;;;11,3;0;0;0;0;0;0;11,3;;29;4,8;*;;;;;;;;;;;;;;;;;;;
;Ha. Todate;;;;;;;;;;;;;;;;;;;;;68,6;68,6;68,6;68,6;68,6;68,6;68,6;68,6;;30;4,8;*;;;;;;;;;;;;;;;;;;;
Dondi ;Ha. Day;;;;;;;;;;;;;;;;;;;;;3,7;0;0;0;0;0;0;0;;31;4,8;*;;;;;;;;;;;;;;;;;;;
;Ha. Week;;;;;;;;;;;;;;;;;;;;;15,1;0;0;0;0;0;0;15,1;;32;4,7;*;;;;;;;;;;;;;;;;;;;
;Ha. Todate;;;;;;;;;;;;;;;;;;;;;68,6;68,6;68,6;68,6;68,6;68,6;68,6;68,6;;33;3,5;*;;;;;;;;;;;;;;;;;;;
Apply Low Grade ;Ha. Day;;;;;;;;;;;;;;;;;;;;;0;0;0;0;0;0;2,8;4,5;;;137,3;174,0;;;;;;;;;;;;;;;;;;;
;Ha. Week;;;;;;;;;;;;;;;;;;;;;0;0;0;0;0;0;2,8;7,3;;KEY;;;;;;;;;;;;;;;;;;;;;
;Ha. Todate;;;;;;;;;;;;;;;;;;;;;39,9;39,9;39,9;39,9;39,9;39,9;42,7;50;;SC- Sleep Canes;;;;H1- Harrow 1;;;;;;;CC- Cross Canal ;;;;;;;;;;
Canal Excavation;Ha. Day;;;;;;;;;;;;;;;;;;;;;;;;;;;;;;R- Raking Canes;;;;H2- Harrow 2;;;;;;;MW- Middle Walk;;;;;;;;;;
;Ha. Week;;;;;;;;;;;;;;;;;;;;;;;;;;;;;;LG- Apply Low Grade;;;;ID- Internal Drains;;;;;;;SL- Sideline;;;;;;;;;;
;Ha. Todate;;;;;;;;;;;;;;;;;;;;;0;0;0;0;0;0;0;0;;P- Ploughing;;;;FF- Four Foot;;;;;;;DC- Drain Cut;;;;;;;;;;
;;;;;;;;;;;;;;;;;;;;;;;;;;;;;;;;;;;;;;;;;;;;;;;;;;;;
;;;;;;;;;;;;;;;;;;;;;;;;;;;;;;;;;;;;;;;;;;;;;;;;;;;;
Japarts Construction Inc. Rosehall Canje Project 2023;;;;;;;;;;;;;;;;;;;;;;;;;;;;;;;Japarts Construction Inc. Rosehall Canje Project 2023;;;;;;;;;;;;;;;;;;;;;
;;;;;;;;;;;;;;;;;;;;;;;;;;;;;;;Fld;Ha;Total Tonnes;SC;R;LG;P;DC;H1;H2;ID;FF;CC;MW;SL;;;;;;;
;;;;;;;;;;;;;;;;;;;;;;;;;;;;;;;1;1,3;2,6;C;C;;;;;;;;;;;;;;;;;
Lot 24 ( Ha.);;;;;;;;;;;;;;;;;;;;;;;;;;;;;;;2;2,8;5,6;C;C;C;C;C;C;C;C;C;;;;;;;;;;
;;;;;;;;;;;;;;;;;;;;;;;;;;;;;;;3;4,5;11,2;C;C;C;C;C;C;C;C;C;;;;;;;;;;
September/ October;;;;;;;;;;;;;;;;;;;;;;;;;;;;;;;4;4,5;*;C;C;*;C;C;C;C;C;C;;;;;;;;;;
;;;;;;;;;;;;;;;;;;;;;;;;;;;;;;;5;4,4;8,8;C;C;IP;C;C;C;;;;;;;;;;;;;
Activities;;17;18;19;20;21;22;23;24;25;26;27;28;29;30;1;2;3;4;5;6;7;8;9;10;11;12;13;14;;6;4,5;9,0;C;C;IP;C;IP;;;;;;;;;C;Complete;;;;
Sleep Canes;Ha. Day;9;4,5;;;;;;;;;;;;;;;;;;;;;;;;;;;;7;4,5;9,0;C;C;IP;IP;;;;;;;;;;IP;In Progress;;;;
;Ha. Week;9;13,5;;;;;;;;;;;;;;;;;;;;;;;;;;;;8;4,5;9,0;C;IP;;;;;;;;;;;;EC;Estate Complete;;;;
;Ha. Todate;97,7;102,2;;;;;;;;;;;;;;;;;;;;;;;;;;;;9;4,5;8,9;IP;;;;;;;;;;;;;;;;;;
Rake Canes;Ha. Day;4,5;4,5;;;;;;;;;;;;;;;;;;;;;;;;;;;;10;4,6;9,1;;;;;;;;;;;;;;;;;;;
;Ha. Week;4,5;9;;;;;;;;;;;;;;;;;;;;;;;;;;;;11;4,5;9,0;;;;;;;;;;;;;;;;;;;
;Ha. Todate;93,2;97,7;;;;;;;;;;;;;;;;;;;;;;;;;;;;12;4,3;8,7;;;;;;;;;;;;;;;;;;;
Clean Canals;Ha. Day;;;;;;;;;;;;;;;;;;;;;;;;;;;;;;13;4,2;8,4;;;;;;;;;;;;;;;;;;;
;Ha. Week;;;;;;;;;;;;;;;;;;;;;;;;;;;;;;14;4,2;8,4;;;;;;;;;;;;;;;;;;;
;Ha. Todate;0;0;;;;;;;;;;;;;;;;;;;;;;;;;;;;15;3,9;7,8;;;;;;;;;;;;;;;;;;;
Grub Sideline;Ha. Day;;;;;;;;;;;;;;;;;;;;;;;;;;;;;;16;3,9;7,8;;;;;;;;;;;;;;;;;;;
;Ha. Week;;;;;;;;;;;;;;;;;;;;;;;;;;;;;;17;4,5;9,0;;;;;;;;;;;;;;;;;;;
;Ha. Todate;0;0;;;;;;;;;;;;;;;;;;;;;;;;;;;;18;4,2;8,4;;;;;;;;;;;;;;;;;;;
Plough;Ha. Day;4,4;4,5;;;;;;;;;;;;;;;;;;;;;;;;;;;;19;4,3;8,7;;;;;;;;;;;;;;;;;;;
;Ha. Week;4,4;8,9;;;;;;;;;;;;;;;;;;;;;;;;;;;;20;3,5;7,1;;;;;;;;;;;;;;;;;;;
;Ha. Todate;86,7;91,2;;;;;;;;;;;;;;;;;;;;;;;;;;;;21;4,0;7,9;;;;;;;;;;;;;;;;;;;
Drain Cut 10*32;Ha. Day;4,5;4,4;;;;;;;;;;;;;;;;;;;;;;;;;;;;22;4,8;9,5;;;;;;;;;;;;;;;;;;;
;Ha. Week;4,5;8,9;;;;;;;;;;;;;;;;;;;;;;;;;;;;23;2,9;*;;;;;;;;;;;;;;;;;;;
;Ha. Todate;82,3;86,7;;;;;;;;;;;;;;;;;;;;;;;;;;;;24;2,4;*;;;;;;;;;;;;;;;;;;;
Harrow 1;Ha. Day;9;4,4;;;;;;;;;;;;;;;;;;;;;;;;;;;;25;4,8;*;;;;;;;;;;;;;;;;;;;
;Ha. Week;9;13,4;;;;;;;;;;;;;;;;;;;;;;;;;;;;26;4,8;*;;;;;;;;;;;;;;;;;;;
;Ha. Todate;82,3;86,7;;;;;;;;;;;;;;;;;;;;;;;;;;;;27;4,7;*;;;;;;;;;;;;;;;;;;;
Harrow 2;Ha. Day;7,3;4,5;;;;;;;;;;;;;;;;;;;;;;;;;;;;28;4,7;*;;;;;;;;;;;;;;;;;;;
;Ha. Week;7,3;11,8;;;;;;;;;;;;;;;;;;;;;;;;;;;;29;4,8;*;;;;;;;;;;;;;;;;;;;
;Ha. Todate;93,9;98,4;;;;;;;;;;;;;;;;;;;;;;;;;;;;30;4,8;*;;;;;;;;;;;;;;;;;;;
Dondi ;Ha. Day;7,3;6,3;;;;;;;;;;;;;;;;;;;;;;;;;;;;31;4,8;*;;;;;;;;;;;;;;;;;;;
;Ha. Week;7,3;13,6;;;;;;;;;;;;;;;;;;;;;;;;;;;;32;4,7;*;;;;;;;;;;;;;;;;;;;
;Ha. Todate;93,9;100,2;;;;;;;;;;;;;;;;;;;;;;;;;;;;33;3,5;*;;;;;;;;;;;;;;;;;;;
Apply Low Grade ;Ha. Day;0;0;;;;;;;;;;;;;;;;;;;;;;;;;;;;;137,3;174,0;;;;;;;;;;;;;;;;;;;
;Ha. Week;0;0;;;;;;;;;;;;;;;;;;;;;;;;;;;;KEY;;;;;;;;;;;;;;;;;;;;;
;Ha. Todate;50;50;;;;;;;;;;;;;;;;;;;;;;;;;;;;SC- Sleep Canes;;;;H1- Harrow 1;;;;;;;CC- Cross Canal ;;;;;;;;;;
Canal Excavation;Ha. Day;;;;;;;;;;;;;;;;;;;;;;;;;;;;;;R- Raking Canes;;;;H2- Harrow 2;;;;;;;MW- Middle Walk;;;;;;;;;;
;Ha. Week;;;;;;;;;;;;;;;;;;;;;;;;;;;;;;LG- Apply Low Grade;;;;ID- Internal Drains;;;;;;;SL- Sideline;;;;;;;;;;
;Ha. Todate;0;0;;;;;;;;;;;;;;;;;;;;;;;;;;;;P- Ploughing;;;;FF- Four Foot;;;;;;;DC- Drain Cut;;;;;;;;;;
